NMAX:,"1,000.00",,,,
TOL:,0.00,,,,
Max Range:,"100,000.00",,NEWWWWWW,,
Max Coefficient:,"100,000.00",,,,
Max Degree:,11.00,,,,
Number of Runs:,100.00,,,,
Test Runtime (s): ,179.68,,,,
,,,,,
Method,Bounds (+/-),Degree,Coefficient,Time (ns),Average Iterations
newton_method,10.00,1,"1,000,000.00","96,484.34",1.94
newton_method,"10,000.00",1,100.00,"97,296.07",2
newton_method,"10,000.00",1,"100,000,000.00","97,662.78",2
newton_method,10.00,1,100.00,"99,231.44",1.96
newton_method_mod,10.00,1,1.00,"99,812.92",1.96
newton_method,100.00,1,100.00,"99,846.12",2
newton_method,10.00,1,1.00,"99,931.55",1.91
newton_method_mod,"10,000.00",1,100.00,"100,282.19",2
newton_method,100.00,1,"1,000,000.00","100,356.20",2
newton_method,10.00,1,"10,000.00","100,522.21",1.95
newton_method,100.00,1,1.00,"100,554.55",2
newton_method,10.00,1,"100,000,000.00","100,693.44",1.92
newton_method_mod,100.00,1,1.00,"100,763.45",2
newton_method,100.00,1,"100,000,000.00","100,946.00",2
newton_method,"10,000.00",1,"10,000.00","100,992.88",2
newton_method,"100,000.00",1,100.00,"101,302.51",2
newton_method_mod,"10,000.00",1,"100,000,000.00","101,391.17",2
newton_method_mod,"10,000.00",1,"10,000.00","101,502.04",2
newton_method,"100,000.00",1,1.00,"101,679.83",2
newton_method,"1,000.00",1,"1,000,000.00","101,690.08",2
newton_method,"10,000.00",1,"1,000,000.00","102,147.25",1.99
newton_method,100.00,1,"10,000.00","102,247.05",2
newton_method_mod,"10,000.00",1,1.00,"102,355.46",2
newton_method,"10,000.00",1,1.00,"102,464.21",2
newton_method_mod,10.00,1,100.00,"102,512.79",1.98
newton_method,"1,000.00",1,100.00,"102,786.14",2
newton_method_mod,"1,000.00",1,100.00,"103,060.70",2
newton_method,"1,000.00",1,"100,000,000.00","103,174.09",2
newton_method_mod,100.00,1,"10,000.00","103,746.85",2
newton_method,"1,000.00",1,"10,000.00","103,790.34",2
newton_method_mod,"10,000.00",1,"1,000,000.00","104,309.27",2
newton_method_mod,100.00,1,"100,000,000.00","104,381.75",2
newton_method,"1,000.00",1,1.00,"104,542.41",2
newton_method_mod,10.00,1,"10,000.00","104,694.83",1.92
regula_falsi,10000,1,1,"105,065.16",1
regula_falsi,1000,1,100,"105,258.00",1
newton_method_mod,"1,000.00",1,1.00,"105,888.45",2
newton_method_mod,"1,000.00",1,"100,000,000.00","106,054.86",2
newton_method_mod,"100,000.00",1,1.00,"106,076.02",2
newton_method_mod,"100,000.00",1,"1,000,000.00","106,179.16",2
newton_method_mod,100.00,1,"1,000,000.00","106,370.01",2
newton_method_mod,"100,000.00",1,"10,000.00","106,459.47",2
regula_falsi,1000,1,10000,"106,624.72",1
regula_falsi,10,1,1,"106,797.32",1
regula_falsi,1000,1,1,"107,148.79",1
regula_falsi,100000,1,100,"107,295.49",1
newton_method_mod,"1,000.00",1,"10,000.00","107,295.81",2
regula_falsi,10,1,1000000,"107,507.29",1
regula_falsi,1000,1,1000000,"108,239.26",1
regula_falsi,100,1,1,"108,502.86",1
newton_method_mod,"100,000.00",1,100.00,"109,147.03",2
newton_method_mod,"100,000.00",1,"100,000,000.00","109,243.28",2
regula_falsi,100000,1,1,"109,379.04",1
regula_falsi,10,1,100000000,"110,200.92",1
regula_falsi,1000,1,100000000,"111,050.20",1
newton_method_mod,100.00,1,100.00,"111,316.91",2
regula_falsi,10,1,10000,"111,327.98",1
regula_falsi,10,1,100,"113,455.68",1
regula_falsi,100,1,10000,"113,544.38",1
regula_falsi,100000,1,100000000,"113,836.25",1
regula_falsi,100,1,1000000,"114,562.13",1
regula_falsi,100,1,100000000,"115,420.41",1
regula_falsi,100000,1,10000,"116,559.27",1
regula_falsi,100000,1,1000000,"116,684.90",1
regula_falsi,10000,1,1000000,"117,437.14",1
newton_method_mod,10.00,1,"1,000,000.00","118,043.50",1.94
newton_method_mod,"1,000.00",1,"1,000,000.00","122,008.70",2
newton_method_mod,10.00,1,"100,000,000.00","123,436.12",1.96
steffenson,100.00,3,"1,000,000.00","124,038.49",1
steffenson,"10,000.00",7,"10,000.00","124,856.07",1
regula_falsi,10000,1,100000000,"125,003.62",1
steffenson,100.00,5,"1,000,000.00","125,206.42",1
bisection_mod,10,9,1.00,"125,403.75",5.73
newton_method,"100,000.00",1,"100,000,000.00","125,587.51",2
steffenson,"10,000.00",5,100.00,"125,848.77",1
steffenson,"10,000.00",3,"10,000.00","126,083.53",1
bisection_mod,10,7,1.00,"126,261.14",6.22
steffenson,100.00,5,100.00,"126,617.31",1
steffenson,100.00,9,"100,000,000.00","126,674.80",1
steffenson,"1,000.00",9,1.00,"126,864.59",1
steffenson,"1,000.00",5,"100,000,000.00","127,017.73",1
bisection_mod,10,9,100.00,"127,492.81",6.42
steffenson,"100,000.00",7,"10,000.00","127,597.45",1
regula_falsi,100,1,100,"127,633.65",1
steffenson,100.00,7,"100,000,000.00","127,897.43",1
steffenson,"100,000.00",5,100.00,"128,027.13",1
steffenson,"10,000.00",5,"100,000,000.00","128,646.89",1
steffenson,"1,000.00",7,100.00,"128,741.91",1
steffenson,"1,000.00",3,"10,000.00","128,834.71",1
steffenson,100.00,5,"10,000.00","128,863.68",1
steffenson,100.00,9,100.00,"129,122.29",1
steffenson,"1,000.00",1,"100,000,000.00","129,275.44",2
steffenson,"1,000.00",3,"1,000,000.00","129,290.03",1
steffenson,"10,000.00",5,"1,000,000.00","129,476.16",1
steffenson,"1,000.00",3,"100,000,000.00","129,513.71",1
steffenson,"100,000.00",5,"100,000,000.00","129,627.21",1
steffenson,"10,000.00",7,"100,000,000.00","129,666.83",1
steffenson,100.00,7,"1,000,000.00","129,784.66",1
steffenson,"1,000.00",7,1.00,"129,876.77",1
steffenson,"1,000.00",5,100.00,"129,933.36",1
steffenson,"10,000.00",5,"10,000.00","129,936.92",1
steffenson,"1,000.00",9,100.00,"129,952.61",1
steffenson,"10,000.00",3,"100,000,000.00","129,988.69",1
steffenson,"10,000.00",7,"1,000,000.00","130,128.02",1
steffenson,"10,000.00",3,"1,000,000.00","130,128.83",1
bisection_mod,10,7,100.00,"130,170.12",7.25
bisection_mod,10,9,"1,000,000.00","130,336.29",7.41
steffenson,"10,000.00",5,1.00,"130,354.62",1
steffenson,"100,000.00",7,100.00,"130,378.86",1
steffenson,"1,000.00",5,"1,000,000.00","130,399.48",1
steffenson,"100,000.00",5,"1,000,000.00","130,460.37",1
steffenson,"10,000.00",7,100.00,"130,474.14",1
steffenson,100.00,9,"10,000.00","130,513.87",1
steffenson,100.00,7,100.00,"130,572.27",1
steffenson,"1,000.00",9,"1,000,000.00","130,595.91",1
steffenson,"1,000.00",5,"10,000.00","130,649.66",1
steffenson,"10,000.00",7,1.00,"130,704.12",1
steffenson,"100,000.00",7,"100,000,000.00","130,869.08",1
steffenson,"1,000.00",7,"100,000,000.00","130,898.87",1
steffenson,"100,000.00",5,1.00,"130,971.57",1
bisection_mod,10,9,"10,000.00","131,183.15",7.64
steffenson,"100,000.00",5,"10,000.00","131,248.28",1
steffenson,"100,000.00",3,"100,000,000.00","131,304.07",1
steffenson,"10,000.00",9,1.00,"131,389.31",1
steffenson,100.00,9,"1,000,000.00","131,408.06",1
bisection_mod,10,5,1.00,"131,573.59",7.91
fixed_point,10,9,1,"131,593.38",2
steffenson,"100,000.00",9,"1,000,000.00","131,713.46",1
steffenson,"1,000.00",9,"100,000,000.00","131,980.25",1
steffenson,"100,000.00",7,1.00,"132,012.43",1
steffenson,100.00,1,"10,000.00","132,169.12",2
steffenson,"1,000.00",1,"10,000.00","132,344.73",2
steffenson,"100,000.00",3,"1,000,000.00","132,579.01",1
steffenson,"100,000.00",7,"1,000,000.00","132,623.77",1
steffenson,"1,000.00",7,"10,000.00","132,788.28",1
steffenson,100.00,1,"100,000,000.00","132,802.68",2
steffenson,"10,000.00",1,"1,000,000.00","132,855.73",2
regula_falsi,10000,1,100,"132,878.83",1
steffenson,"1,000.00",1,100.00,"132,920.92",2
steffenson,"10,000.00",1,"100,000,000.00","133,029.34",2
regula_falsi,10000,1,10000,"133,106.65",1
bisection_mod,10,9,"100,000,000.00","133,184.03",8.07
steffenson,"100,000.00",9,1.00,"133,594.28",1
steffenson,"1,000.00",1,"1,000,000.00","133,681.85",2
steffenson,"1,000.00",7,"1,000,000.00","133,745.88",1
bisection_mod,10,7,"10,000.00","133,884.33",8.34
steffenson,"100,000.00",3,"10,000.00","133,925.14",1
steffenson,100.00,9,1.00,"134,243.86",1.96
steffenson,"100,000.00",1,"1,000,000.00","134,311.32",2
steffenson,"100,000.00",9,100.00,"134,794.05",1
steffenson,"100,000.00",3,100.00,"135,245.90",1
steffenson,"10,000.00",9,100.00,"135,749.20",1
steffenson,"10,000.00",9,"1,000,000.00","136,018.44",1
steffenson,"100,000.00",9,"100,000,000.00","136,371.89",1
steffenson,"100,000.00",9,"10,000.00","136,697.65",1
steffenson,"100,000.00",1,"10,000.00","137,419.42",2
bisection_mod,10,7,"1,000,000.00","137,914.80",8.94
steffenson,"100,000.00",1,"100,000,000.00","138,217.67",2
bisection_mod,10,5,100.00,"138,408.73",9.44
bisection_mod,10,7,"100,000,000.00","138,533.65",9.34
steffenson,"10,000.00",1,"10,000.00","138,972.59",2
fixed_point,10,9,1000000,"140,922.25",2
bisection_mod,10,5,"10,000.00","143,226.99",10.8
bisection_mod,100,9,1.00,"144,109.41",9.55
bisection_mod,10,5,"1,000,000.00","145,305.09",11.35
newton_method,"100,000.00",1,"1,000,000.00","145,523.04",2
bisection_mod,100,7,1.00,"146,456.44",10.46
fixed_point,10,9,100000000,"146,519.40",2
bisection_mod,100,9,"10,000.00","147,588.27",10.64
bisection_mod,100,9,100.00,"148,100.13",9.87
bisection,1000,9,1.00,"148,403.52",12.95
bisection,1000,9,100.00,"149,142.69",13.45
bisection_mod,100,9,"100,000,000.00","149,323.05",11.77
bisection_mod,100,7,100.00,"149,452.81",11.13
bisection_mod,100,9,"1,000,000.00","149,926.13",11.54
bisection_mod,100,7,"10,000.00","151,267.57",11.63
bisection,1000,9,"10,000.00","151,796.18",14.35
newton_method,10.00,3,1.00,"151,890.24",21.53
bisection_mod,1000,9,1.00,"151,928.94",12.71
bisection_mod,100,5,1.00,"152,086.00",12.13
bisection,1000,7,1.00,"152,260.82",13.85
bisection_mod,10,5,"100,000,000.00","152,345.68",13.43
bisection,1000,7,100.00,"153,730.23",14.64
bisection_mod,1000,9,100.00,"155,393.02",13.39
bisection,1000,9,"1,000,000.00","155,546.89",15.04
bisection_mod,1000,7,1.00,"155,728.15",13.69
fixed_point,10,3,1000000,"155,809.71",2
fixed_point,10,7,10000,"155,815.71",2
bisection_mod,100,7,"1,000,000.00","155,817.67",12.99
bisection,1000,5,1.00,"157,625.40",15.39
bisection,1000,9,"100,000,000.00","157,780.32",15.93
bisection,1000,7,"10,000.00","158,085.85",15.97
fixed_point,10,9,10000,"158,171.43",2
newton_method,10.00,5,1.00,"158,352.27",26.75
bisection_mod,1000,9,"10,000.00","158,386.23",14.18
bisection_mod,100,5,100.00,"158,408.31",13.49
bisection_mod,100,7,"100,000,000.00","158,988.29",13.8
steffenson,"10,000.00",9,"100,000,000.00","159,530.32",1
bisection,1000,7,"1,000,000.00","159,883.11",16.33
bisection_mod,1000,7,100.00,"160,255.52",14.85
bisection,1000,5,100.00,"160,287.10",16.44
newton_method,"100,000.00",1,"10,000.00","160,756.50",2
bisection_mod,100,5,"10,000.00","161,289.75",14.69
bisection_mod,1000,9,"1,000,000.00","161,484.97",14.83
newton_method,10.00,3,100.00,"161,877.75",25.46
bisection_mod,1000,7,"10,000.00","162,446.44",15.54
bisection_mod,1000,9,"100,000,000.00","162,604.25",15.68
fixed_point,10,7,100000000,"163,116.17",2
bisection,1000,7,"100,000,000.00","163,116.39",17.64
bisection_mod,100,3,1.00,"163,695.64",16.4
steffenson,100.00,3,"100,000,000.00","163,853.76",10.98
bisection_mod,10000,9,1.00,"164,191.49",15.78
fixed_point,10,1,1000000,"165,991.83",2
bisection_mod,10000,9,100.00,"166,111.81",16.7
bisection,10000,9,1.00,"166,416.68",15.92
bisection,10000,9,100.00,"166,428.76",16.74
bisection_mod,1000,7,"1,000,000.00","166,567.60",16.58
bisection_mod,10,3,"10,000.00","167,062.79",15.99
bisection_mod,1000,5,1.00,"167,170.92",15.64
bisection,1000,5,"10,000.00","167,236.83",18.31
bisection,100,9,"100,000,000.00","167,527.55",12.17
fixed_point,10,5,100,"168,039.43",2
bisection_mod,10000,9,"1,000,000.00","168,590.25",18.33
bisection_mod,10,3,"1,000,000.00","168,712.31",16.79
steffenson,100.00,7,1.00,"168,880.10",10.98
steffenson,"1,000.00",9,"10,000.00","169,036.42",10.98
bisection_mod,1000,5,100.00,"169,092.41",16.78
steffenson,100.00,1,100.00,"169,251.31",11.97
bisection_mod,100,5,"1,000,000.00","169,482.42",16.51
bisection_mod,1000,7,"100,000,000.00","169,632.67",17.5
bisection_mod,10,3,100.00,"169,796.71",13.63
newton_method,100.00,3,1.00,"169,844.57",28.92
newton_method_mod,10.00,3,1.00,"170,009.77",23.37
bisection,10000,7,1.00,"170,103.80",17.35
bisection_mod,100,3,100.00,"170,126.52",18.44
steffenson,100.00,7,"10,000.00","170,210.36",10.98
bisection_mod,10000,9,"10,000.00","170,399.99",17.77
bisection_mod,100,5,"100,000,000.00","170,824.10",17.47
bisection_mod,10000,9,"100,000,000.00","170,897.28",18.8
bisection,10000,9,"10,000.00","171,303.76",17.53
bisection,1000,5,"1,000,000.00","171,692.36",19.88
bisection_mod,1000,5,"10,000.00","171,752.46",18.48
fixed_point,10,1,10000,"171,961.86",2
newton_method,10.00,7,1.00,"172,034.66",30.66
bisection,1000,3,1.00,"172,488.40",20.06
bisection_mod,10,3,"100,000,000.00","172,906.76",19.2
newton_method,10.00,5,100.00,"173,019.92",30.49
steffenson,100.00,1,"1,000,000.00","173,415.20",11.97
newton_method,10.00,3,"10,000.00","173,955.80",30.12
fixed_point,10,5,1000000,"174,476.50",2
bisection,1000,5,"100,000,000.00","174,607.86",20.61
bisection,100000,9,1.00,"174,837.02",19.24
bisection,10000,9,"1,000,000.00","175,224.24",18.3
bisection,10000,7,100.00,"175,275.88",17.88
bisection,10000,7,"10,000.00","176,922.40",19.08
bisection_mod,10000,7,1.00,"177,075.29",17.12
bisection_mod,100000,9,1.00,"177,177.57",19.42
bisection_mod,100,3,"10,000.00","178,149.74",20.52
bisection_mod,10000,5,1.00,"178,221.58",19.05
bisection_mod,1000,3,1.00,"178,250.18",20.04
newton_method_mod,10.00,3,100.00,"178,540.94",25.79
bisection_mod,10000,5,100.00,"178,853.16",20.16
bisection,100000,7,1.00,"178,878.14",20.46
bisection,1000,3,100.00,"179,731.58",21.99
bisection,10000,7,"1,000,000.00","179,801.87",20.18
bisection,100000,9,"10,000.00","179,864.71",21
bisection,10000,3,1.00,"180,277.84",23.41
newton_method_mod,10.00,5,1.00,"180,581.15",25.79
bisection,10000,5,100.00,"180,646.42",20.31
bisection,100000,9,100.00,"180,832.57",20.16
bisection_mod,1000,5,"100,000,000.00","180,924.47",20.87
bisection,100000,7,100.00,"181,038.11",21.38
bisection_mod,1000,5,"1,000,000.00","181,228.42",19.51
newton_method,10.00,3,"1,000,000.00","182,182.76",33.42
bisection_mod,100000,9,"10,000.00","182,373.62",20.79
bisection_mod,100000,7,1.00,"182,417.06",20.62
bisection_mod,100000,9,100.00,"182,805.47",20.15
bisection,10000,5,"10,000.00","183,155.52",21.56
newton_method,10.00,7,100.00,"183,675.18",34.83
bisection,10000,9,"100,000,000.00","183,728.27",19.09
bisection_mod,100000,9,"1,000,000.00","183,807.80",21.41
bisection_mod,100000,5,1.00,"183,823.92",22.31
newton_method,100.00,3,100.00,"183,962.15",33.34
newton_method,10.00,5,"10,000.00","184,470.29",34.23
newton_method,10.00,9,1.00,"184,845.47",33.59
bisection_mod,10000,5,"10,000.00","184,912.70",21.89
newton_method_mod,100.00,3,1.00,"185,140.49",29.35
bisection,10000,7,"100,000,000.00","185,287.75",20.88
newton_method_mod,10.00,3,"10,000.00","185,460.72",29.48
bisection,100000,9,"1,000,000.00","185,513.51",21.8
bisection_mod,10000,7,"100,000,000.00","185,670.34",20.78
bisection_mod,100000,7,100.00,"185,901.84",21.81
bisection_mod,1000,3,100.00,"185,919.96",22.05
newton_method,10.00,5,"1,000,000.00","185,952.15",36.84
bisection,100000,7,"10,000.00","186,209.10",22.26
bisection_mod,100,3,"1,000,000.00","186,779.79",22.75
bisection,100000,5,1.00,"188,374.91",22.11
newton_method,10.00,3,"100,000,000.00","188,470.14",35.34
newton_method_mod,10.00,7,1.00,"188,623.20",30.75
bisection,10000,5,1.00,"188,744.98",18.86
bisection,10000,3,100.00,"189,239.83",25.63
bisection_mod,10000,3,1.00,"189,485.53",23.4
newton_method,"1,000.00",3,1.00,"189,512.91",34.96
newton_method_mod,10.00,5,"10,000.00","190,117.20",32.01
bisection_mod,100000,7,"10,000.00","190,506.75",22.5
fixed_point,10,7,100,"190,614.00",2
bisection,1000,3,"10,000.00","190,713.41",24.43
bisection,100000,5,100.00,"190,891.47",23.6
newton_method_mod,10.00,5,100.00,"191,048.36",31.3
bisection,100000,9,"100,000,000.00","191,795.67",22.35
bisection_mod,100000,9,"100,000,000.00","191,831.65",22.2
newton_method_mod,100.00,3,100.00,"191,973.80",33.19
bisection,100000,7,"100,000,000.00","192,085.73",24.17
bisection,10000,5,"1,000,000.00","192,174.91",22.63
newton_method_mod,10.00,9,1.00,"193,048.71",32.6
bisection_mod,100000,5,100.00,"193,122.82",23.79
bisection_mod,10,3,1.00,"193,273.28",12.35
bisection_mod,100000,7,"100,000,000.00","193,738.24",24.25
bisection_mod,100000,7,"1,000,000.00","193,826.69",23.31
newton_method_mod,10.00,3,"1,000,000.00","193,970.91",33.6
newton_method,10.00,7,"10,000.00","194,515.31",38.62
bisection,100000,5,"10,000.00","194,649.46",24.81
newton_method,10.00,9,100.00,"195,034.69",37.46
fixed_point,10,7,1000000,"195,128.80",2
bisection_mod,100000,5,"10,000.00","195,222.98",24.83
bisection,100000,7,"1,000,000.00","195,234.39",23.01
bisection_mod,10000,5,"1,000,000.00","196,536.30",22.91
bisection,10000,3,"10,000.00","197,204.57",27.75
bisection_mod,1000,3,"10,000.00","197,963.72",24.4
bisection,1000,3,"1,000,000.00","198,170.72",26.67
newton_method,10.00,5,"100,000,000.00","198,559.14",41.65
bisection_mod,10000,3,100.00,"199,606.81",25.81
newton_method_mod,100.00,3,"10,000.00","199,716.22",36.99
newton_method,"1,000.00",3,100.00,"199,959.24",39.08
newton_method,100.00,3,"10,000.00","200,026.46",37.03
bisection_mod,100,3,"100,000,000.00","200,230.71",24.95
bisection_mod,100000,3,1.00,"200,233.62",26.9
bisection,10000,5,"100,000,000.00","200,669.71",24.19
newton_method,100.00,3,"1,000,000.00","201,447.20",39.94
newton_method_mod,10.00,3,"100,000,000.00","202,485.67",36.4
bisection,100000,5,"100,000,000.00","202,721.81",27.65
newton_method_mod,10.00,7,100.00,"203,241.66",34.93
newton_method,10.00,9,"10,000.00","203,430.01",40.27
bisection_mod,1000,3,"1,000,000.00","203,692.15",26.95
newton_method_mod,100.00,5,1.00,"203,783.16",37.22
bisection_mod,10000,7,"1,000,000.00","203,845.66",19.72
bisection,100000,5,"1,000,000.00","204,275.89",26.18
bisection,10000,3,"1,000,000.00","204,944.79",29.72
newton_method,10.00,7,"1,000,000.00","204,963.66",43.1
steffenson,100.00,5,1.00,"205,617.55",21.23
bisection_mod,10000,7,100.00,"205,720.89",17.79
bisection_mod,100000,5,"1,000,000.00","205,756.21",26.37
bisection_mod,10000,7,"10,000.00","205,992.04",18.97
bisection_mod,10000,3,"10,000.00","206,193.48",27.79
newton_method_mod,"1,000.00",3,1.00,"206,396.47",35.02
bisection,100000,3,1.00,"206,737.09",26.73
bisection_mod,10000,5,"100,000,000.00","207,044.67",24.41
bisection,1000,3,"100,000,000.00","207,141.02",28.87
newton_method_mod,10.00,7,"10,000.00","207,231.13",35.62
bisection_mod,100000,5,"100,000,000.00","207,332.68",27.71
newton_method,"10,000.00",3,1.00,"207,911.81",40.68
steffenson,10.00,9,"100,000,000.00","208,185.26",20.96
bisection_mod,100000,3,100.00,"208,806.44",28.93
fixed_point,10,1,1,"208,852.00",2
steffenson,"1,000.00",5,1.00,"209,167.10",20.96
newton_method_mod,10.00,9,100.00,"209,705.21",35.84
bisection_mod,1000,3,"100,000,000.00","210,492.23",28.73
fixed_point,10,5,10000,"211,282.25",2
newton_method,"10,000.00",3,100.00,"211,434.76",43.9
newton_method,10.00,7,"100,000,000.00","211,449.89",45.56
steffenson,"10,000.00",3,100.00,"211,812.90",20.96
steffenson,100.00,5,"100,000,000.00","211,914.98",20.96
newton_method_mod,10.00,5,"1,000,000.00","212,777.88",38.53
fixed_point,10,1,100000000,"213,585.20",2
steffenson,"100,000.00",3,1.00,"214,592.10",20.96
bisection,10000,3,"100,000,000.00","214,654.41",32.17
fixed_point,10,3,10000,"215,148.57",2
newton_method,"1,000.00",3,"10,000.00","215,466.10",42.65
bisection_mod,100000,3,"10,000.00","215,784.72",31.3
newton_method_mod,"1,000.00",3,100.00,"216,682.57",38.64
newton_method_mod,100.00,3,"1,000,000.00","216,931.04",40.73
bisection,100000,3,100.00,"217,440.21",28.87
newton_method_mod,"10,000.00",3,1.00,"218,557.62",40.78
newton_method_mod,"1,000.00",3,"10,000.00","218,609.35",42.71
bisection_mod,10000,3,"1,000,000.00","218,668.05",30.25
newton_method,100.00,3,"100,000,000.00","218,921.32",42.85
newton_method,10.00,9,"1,000,000.00","219,191.80",45.87
newton_method_mod,10.00,9,"10,000.00","219,788.63",42.3
newton_method,10.00,9,"100,000,000.00","219,999.03",47.71
bisection,100000,3,"10,000.00","220,102.86",31.4
newton_method_mod,10.00,5,"100,000,000.00","220,349.70",42.49
newton_method_mod,10.00,7,"1,000,000.00","220,889.27",42.39
newton_method,"1,000.00",3,"1,000,000.00","221,936.89",46.54
steffenson,"10,000.00",9,"10,000.00","222,037.96",1
newton_method,100.00,7,1.00,"222,393.48",46.06
bisection_mod,10000,3,"100,000,000.00","222,454.88",32
newton_method,"10,000.00",3,"10,000.00","223,184.79",47.92
newton_method_mod,100.00,3,"100,000,000.00","223,267.15",44.75
newton_method_mod,"10,000.00",3,100.00,"224,136.24",44.63
newton_method_mod,10.00,7,"100,000,000.00","226,631.04",45.57
bisection_mod,100000,3,"1,000,000.00","227,165.73",33.49
bisection,100000,3,"1,000,000.00","228,045.95",33.34
bisection_mod,10,1,1.00,"228,744.29",31.33
bisection_mod,10,1,"1,000,000.00","230,015.20",31.94
newton_method,"1,000.00",3,"100,000,000.00","231,494.60",49.85
newton_method_mod,100.00,5,"10,000.00","232,150.12",46.09
bisection_mod,100000,3,"100,000,000.00","233,050.62",35.71
newton_method_mod,"1,000.00",3,"1,000,000.00","233,314.30",46.26
newton_method_mod,10.00,9,"1,000,000.00","233,710.51",44.96
bisection_mod,10,1,100.00,"234,067.96",33.05
newton_method,"1,000.00",5,1.00,"234,626.30",48.04
newton_method,"10,000.00",3,"1,000,000.00","237,056.40",51.84
newton_method,"1,000.00",5,100.00,"237,061.24",52.62
newton_method_mod,"10,000.00",3,"10,000.00","237,473.61",48.04
newton_method_mod,"100,000.00",3,1.00,"237,565.85",46.38
fixed_point,10,9,100,"238,205.00",2
newton_method_mod,"1,000.00",3,"100,000,000.00","239,485.28",50.28
fixed_point,100,7,100,"239,760.50",2
newton_method_mod,10.00,9,"100,000,000.00","239,800.18",50.45
newton_method_mod,"1,000.00",5,1.00,"240,232.77",49.01
newton_method_mod,100.00,7,1.00,"240,671.65",46.49
fixed_point,100,9,100,"240,672.00",2
fixed_point,10,5,1,"240,687.25",2
bisection,100000,3,"100,000,000.00","240,932.91",35.76
fixed_point,100,9,10000,"241,253.00",2
newton_method,100.00,5,"1,000,000.00","241,511.72",50.85
bisection_mod,100,1,1.00,"241,891.79",38.02
newton_method_mod,100.00,7,100.00,"242,243.22",49.56
newton_method,"10,000.00",3,"100,000,000.00","242,790.37",56.08
bisection_mod,10,1,"10,000.00","242,888.41",34.15
fixed_point,10,3,100,"243,571.17",2
newton_method_mod,"10,000.00",3,"1,000,000.00","245,582.90",51.94
newton_method_mod,"1,000.00",5,100.00,"246,585.14",52.97
newton_method,100.00,5,100.00,"246,652.78",41.93
fixed_point,100,5,10000,"246,753.00",2
newton_method_mod,"100,000.00",3,100.00,"246,879.84",50.32
fixed_point,100,7,1,"247,365.00",2
bisection_mod,100,1,"10,000.00","247,567.26",40.02
newton_method_mod,100.00,5,"1,000,000.00","247,587.26",50.04
steffenson,"100,000.00",1,100.00,"247,604.11",31.91
newton_method,100.00,7,100.00,"247,614.96",51.54
newton_method,100.00,9,1.00,"249,092.39",54.46
steffenson,"10,000.00",1,100.00,"249,231.06",31.91
newton_method,100.00,9,100.00,"249,629.03",57.5
newton_method,100.00,5,"100,000,000.00","250,169.23",54.33
newton_method,100.00,7,"10,000.00","250,327.78",54.26
newton_method_mod,100.00,5,"100,000,000.00","250,382.25",54.34
newton_method_mod,100.00,9,1.00,"250,990.64",54.37
fixed_point,10,5,100000000,"251,101.00",2
steffenson,10.00,3,"1,000,000.00","251,923.87",30.94
newton_method,"10,000.00",5,1.00,"252,988.63",59.24
bisection_mod,100,1,100.00,"254,360.03",41.22
bisection_mod,100,1,"100,000,000.00","255,091.19",40.83
newton_method,"1,000.00",5,"10,000.00","256,140.03",57.16
bisection_mod,100,1,"1,000,000.00","256,502.53",41.61
newton_method,"100,000.00",3,100.00,"257,540.67",49.95
fixed_point,10,3,1,"257,714.33",2
newton_method,100.00,5,"10,000.00","259,906.92",46.15
bisection_mod,1000,1,1.00,"260,744.30",42.51
newton_method,"1,000.00",7,1.00,"261,305.01",60.27
newton_method,"100,000.00",3,"10,000.00","261,318.28",53.9
newton_method,100.00,7,"1,000,000.00","262,303.01",57.27
newton_method_mod,"1,000.00",5,"10,000.00","262,342.66",56.62
newton_method_mod,"100,000.00",3,"10,000.00","262,974.63",53.86
newton_method,"100,000.00",3,"100,000,000.00","264,191.40",61.68
newton_method_mod,"10,000.00",3,"100,000,000.00","264,601.58",55.62
newton_method_mod,100.00,7,"10,000.00","264,843.95",53.88
newton_method,"1,000.00",5,"1,000,000.00","265,355.67",60.89
newton_method,"100,000.00",3,"1,000,000.00","266,770.23",57.97
newton_method,"10,000.00",5,100.00,"267,795.18",63.82
newton_method,"10,000.00",5,"10,000.00","270,166.90",66.82
newton_method,100.00,9,"10,000.00","270,174.64",63.1
newton_method_mod,100.00,7,"1,000,000.00","270,500.19",58.99
newton_method,100.00,7,"100,000,000.00","271,369.53",64.41
bisection_mod,1000,1,"100,000,000.00","272,629.65",45.56
bisection_mod,10000,1,1.00,"273,543.39",45.67
newton_method_mod,"100,000.00",3,"1,000,000.00","275,106.74",57.65
bisection_mod,1000,1,100.00,"275,422.72",45.97
newton_method,"100,000.00",3,1.00,"275,631.57",46.6
newton_method_mod,"1,000.00",7,1.00,"276,390.51",61.46
newton_method,"1,000.00",7,100.00,"276,624.73",65.43
bisection_mod,1000,1,"1,000,000.00","276,980.99",45.58
fixed_point,10,7,1,"277,478.00",2
newton_method_mod,100.00,5,100.00,"277,815.76",42.6
bisection_mod,1000,1,"10,000.00","277,864.90",46
bisection_mod,100000,1,1.00,"278,305.21",49.01
newton_method,"100,000.00",5,1.00,"278,401.59",68.08
steffenson,100.00,3,"10,000.00","281,026.09",40.92
newton_method_mod,"10,000.00",5,1.00,"281,376.71",59.29
newton_method_mod,100.00,7,"100,000,000.00","281,712.15",63.35
newton_method,"1,000.00",7,"10,000.00","281,726.47",70.18
newton_method_mod,"10,000.00",5,100.00,"281,938.60",63.06
bisection,10000,1,1.00,"282,170.31",45.67
bisection_mod,10000,1,100.00,"282,739.48",48.91
newton_method,100.00,9,"1,000,000.00","282,935.31",67.59
steffenson,10.00,3,"100,000,000.00","283,567.86",40.92
newton_method_mod,"1,000.00",7,100.00,"283,996.09",64.19
newton_method,"10,000.00",5,"1,000,000.00","284,811.60",70.85
bisection_mod,10000,1,"10,000.00","285,748.85",48.92
bisection_mod,100000,1,"100,000,000.00","287,408.45",51.51
newton_method,"1,000.00",5,"100,000,000.00","287,485.33",64.55
bisection,10000,1,"100,000,000.00","287,852.83",53.32
bisection_mod,100000,1,"1,000,000.00","287,931.03",51.78
bisection,100000,1,1.00,"288,028.01",49.09
bisection_mod,100000,1,100.00,"288,467.08",51.71
bisection_mod,10000,1,"100,000,000.00","288,682.62",48.95
bisection_mod,10000,1,"1,000,000.00","289,105.59",48.98
bisection,10000,1,"1,000,000.00","289,287.80",53.64
bisection_mod,100000,1,"10,000.00","289,452.56",51.79
bisection,1000,1,"100,000,000.00","290,642.98",52.77
fixed_point,10,3,100000000,"290,733.00",2
bisection,10000,1,"10,000.00","290,971.39",53.46
bisection,1000,1,"1,000,000.00","291,469.34",52.99
bisection,1000,1,"10,000.00","292,241.93",53.05
newton_method_mod,"1,000.00",5,"1,000,000.00","293,261.88",61.03
newton_method_mod,"10,000.00",5,"10,000.00","293,280.08",66.43
bisection,10000,1,100.00,"294,026.74",51.8
newton_method_mod,"1,000.00",7,"10,000.00","294,988.95",68.86
newton_method,"1,000.00",9,1.00,"295,166.43",73.32
newton_method,"100,000.00",5,100.00,"298,008.21",74.19
newton_method,"10,000.00",5,"100,000,000.00","298,522.01",76.2
newton_method,100.00,9,"100,000,000.00","299,413.50",70.62
newton_method_mod,"100,000.00",3,"100,000,000.00","299,867.72",61.56
newton_method,"10,000.00",7,1.00,"301,951.58",76.18
bisection,1000,1,1.00,"302,107.82",42.35
bisection,100000,1,"1,000,000.00","302,726.75",53.41
newton_method,100.00,5,1.00,"303,192.83",38.8
fixed_point,10,1,100,"303,595.50",2
bisection,1000,1,100.00,"303,886.35",47.97
bisection,100000,1,"100,000,000.00","304,515.20",53.51
newton_method,"1,000.00",7,"1,000,000.00","305,277.88",74.65
bisection,100000,1,100.00,"305,901.51",53.35
newton_method_mod,"1,000.00",5,"100,000,000.00","306,943.10",64.79
bisection,100000,1,"10,000.00","307,157.11",53.4
newton_method_mod,100.00,9,"100,000,000.00","307,906.62",70.34
newton_method,"1,000.00",9,100.00,"308,006.70",79.17
newton_method_mod,"1,000.00",7,"1,000,000.00","308,033.89",72.89
newton_method,"1,000.00",7,"100,000,000.00","308,205.59",78.63
bisection,10,9,1.00,"309,246.01",5.97
bisection,10,7,1.00,"310,381.73",6.15
newton_method,"10,000.00",7,100.00,"311,146.04",79.7
newton_method_mod,"10,000.00",5,"1,000,000.00","313,229.55",72.1
newton_method,"100,000.00",5,"10,000.00","314,526.79",77.2
newton_method_mod,"1,000.00",9,1.00,"317,065.59",74.32
bisection,10,9,100.00,"317,421.61",6.77
newton_method,"1,000.00",9,"10,000.00","319,357.77",83.06
bisection,100,9,1.00,"320,955.32",9.24
bisection,10,7,100.00,"321,048.69",7.29
newton_method,"100,000.00",5,"1,000,000.00","321,098.04",81.82
newton_method,"10,000.00",7,"10,000.00","321,683.99",84.59
bisection,10,9,"1,000,000.00","323,309.37",7.49
newton_method_mod,"10,000.00",5,"100,000,000.00","323,486.88",75.52
newton_method_mod,"10,000.00",7,1.00,"323,817.64",76.43
bisection,10,9,"10,000.00","324,797.40",7.52
newton_method_mod,"1,000.00",9,100.00,"325,865.59",78.42
steffenson,10.00,9,"1,000,000.00","326,640.42",50.9
newton_method,"1,000.00",9,"1,000,000.00","329,951.11",86.71
newton_method_mod,"1,000.00",9,"10,000.00","330,938.89",81.35
bisection,100,9,100.00,"331,395.76",10.06
bisection,10,9,"100,000,000.00","331,720.77",8.31
newton_method,"100,000.00",5,"100,000,000.00","333,685.98",85.93
newton_method,"1,000.00",9,"100,000,000.00","333,781.28",89.73
newton_method_mod,"1,000.00",7,"100,000,000.00","334,314.23",79.41
newton_method,"10,000.00",7,"1,000,000.00","335,408.78",89.54
bisection,10,5,100.00,"336,305.45",8.64
bisection,10,7,"10,000.00","336,964.92",8.39
newton_method_mod,"100,000.00",5,1.00,"337,696.09",69.32
steffenson,10.00,1,"100,000,000.00","338,810.73",51.85
newton_method_mod,"10,000.00",7,100.00,"339,061.83",80.76
bisection,100,9,"10,000.00","339,433.49",11.01
bisection,10,7,"1,000,000.00","340,038.47",9.19
bisection,10,5,1.00,"342,080.73",8.59
newton_method_mod,100.00,9,"1,000,000.00","342,470.67",67.07
newton_method_mod,"10,000.00",7,"10,000.00","342,591.45",85.05
bisection_mod,10,1,"100,000,000.00","343,280.53",35.26
newton_method,"100,000.00",7,1.00,"343,286.25",90.8
newton_method,"10,000.00",7,"100,000,000.00","345,556.54",93.02
newton_method_mod,100.00,9,"10,000.00","346,204.05",62.6
newton_method,"10,000.00",9,1.00,"348,244.98",94.01
fixed_point,100,7,10000,"348,314.00",2
bisection,10,7,"100,000,000.00","349,349.79",10.18
newton_method_mod,"10,000.00",7,"1,000,000.00","349,405.73",88.51
bisection,100,7,1.00,"351,137.32",10.64
bisection,10,5,"1,000,000.00","353,551.27",10.88
bisection,100,9,"1,000,000.00","354,017.86",11.48
newton_method,"100,000.00",7,100.00,"356,426.71",96.14
bisection,10,5,"10,000.00","357,603.21",10.76
bisection,100,7,100.00,"357,700.96",11.69
newton_method_mod,"1,000.00",9,"1,000,000.00","360,673.58",88.39
newton_method_mod,"1,000.00",9,"100,000,000.00","362,623.16",90.7
newton_method,"10,000.00",9,100.00,"362,648.61",97.32
newton_method,"100,000.00",7,"10,000.00","364,240.96",99.08
bisection,100,7,"100,000,000.00","364,452.14",13.88
bisection,100,5,1.00,"364,842.81",12.19
bisection,10,5,"100,000,000.00","365,104.57",12.04
bisection,100,7,"10,000.00","365,472.45",12.24
bisection,100,7,"1,000,000.00","365,609.38",13.17
bisection,100,5,100.00,"368,925.05",13.24
newton_method_mod,"10,000.00",7,"100,000,000.00","371,987.95",93.82
fixed_point,100,9,1000000,"372,450.00",2
steffenson,10.00,9,1.00,"375,638.86",63.12
bisection,10,3,1.00,"375,714.58",12.59
newton_method_mod,"10,000.00",9,1.00,"378,471.73",91.47
newton_method,"100,000.00",7,"1,000,000.00","380,259.57",103.06
bisection,100,5,"10,000.00","383,878.01",14.79
newton_method,"10,000.00",9,"1,000,000.00","386,809.69",105.39
newton_method,"10,000.00",9,"10,000.00","387,726.10",101.15
newton_method,"10,000.00",9,"100,000,000.00","391,311.12",110.34
newton_method_mod,"100,000.00",7,1.00,"392,086.77",90.93
newton_method_mod,"100,000.00",7,100.00,"392,338.03",94.7
bisection,10,3,100.00,"394,470.58",14.08
newton_method_mod,100.00,9,100.00,"395,686.72",59.96
newton_method_mod,"10,000.00",9,100.00,"396,054.18",97.44
newton_method_mod,"10,000.00",9,"10,000.00","397,090.89",101.52
newton_method_mod,"100,000.00",5,"100,000,000.00","397,664.75",86.23
newton_method_mod,"100,000.00",7,"10,000.00","400,192.26",98.87
newton_method,"100,000.00",7,"100,000,000.00","400,436.36",107.79
bisection,100,5,"1,000,000.00","402,495.00",16.04
steffenson,10.00,9,"10,000.00","402,580.69",70.86
steffenson,10.00,9,100.00,"402,749.21",70.86
newton_method_mod,"100,000.00",5,"1,000,000.00","402,969.70",80.93
steffenson,"1,000.00",3,100.00,"404,068.64",70.86
newton_method,"100,000.00",9,1.00,"407,487.18",112.07
bisection,100,5,"100,000,000.00","412,478.99",17.41
steffenson,10.00,5,"1,000,000.00","413,051.98",70.86
steffenson,10.00,7,100.00,"414,176.48",60.88
bisection,100,3,1.00,"415,235.27",16.77
bisection,100,3,100.00,"417,842.65",18.78
newton_method,"100,000.00",9,100.00,"418,026.77",118.04
newton_method,"100,000.00",9,"10,000.00","420,239.17",121.08
newton_method_mod,"100,000.00",7,"1,000,000.00","427,725.75",104.73
newton_method_mod,"10,000.00",9,"1,000,000.00","430,751.90",106.36
fixed_point,100,7,100000000,"430,850.00",2
steffenson,10.00,1,"1,000,000.00","432,144.55",71.79
newton_method_mod,"100,000.00",7,"100,000,000.00","434,389.20",108.72
newton_method_mod,"10,000.00",9,"100,000,000.00","434,516.64",110.84
newton_method,"100,000.00",9,"1,000,000.00","438,624.59",124.91
bisection,100,3,"10,000.00","443,105.78",21.12
newton_method,"100,000.00",9,"100,000,000.00","444,062.83",129.01
steffenson,10.00,7,"1,000,000.00","449,210.66",80.84
bisection,100,3,"1,000,000.00","454,915.49",22.98
bisection,10,3,"100,000,000.00","455,078.73",18.4
steffenson,10.00,1,100.00,"455,801.44",81.76
newton_method_mod,"100,000.00",9,"1,000,000.00","458,172.81",124.46
newton_method_mod,"100,000.00",9,1.00,"460,485.33",112.08
newton_method_mod,"100,000.00",9,"10,000.00","464,935.64",121.88
newton_method_mod,"100,000.00",9,100.00,"468,613.27",116.64
steffenson,10.00,7,"10,000.00","472,912.73",70.86
bisection,10,3,"1,000,000.00","474,385.65",18.65
newton_method_mod,"100,000.00",5,"10,000.00","474,506.02",77.41
newton_method_mod,"100,000.00",9,"100,000,000.00","476,976.48",129.16
bisection,100,3,"100,000,000.00","479,512.27",25.04
steffenson,10.00,5,"10,000.00","480,617.56",90.82
newton_method_mod,"100,000.00",5,100.00,"491,810.62",73.51
steffenson,10.00,7,"100,000,000.00","492,134.46",90.82
steffenson,10.00,1,"10,000.00","509,179.09",71.79
bisection,10,3,"10,000.00","523,131.48",15.69
steffenson,10.00,5,"100,000,000.00","566,230.40",110.78
bisection,10,1,100.00,"576,526.87",34.31
bisection,100,1,1.00,"606,614.57",36.51
bisection,10,1,1.00,"615,671.04",33.64
bisection,100,1,100.00,"672,385.42",44.95
bisection,10,1,"100,000,000.00","690,665.32",46.72
steffenson,10.00,5,100.00,"713,022.71",150.7
bisection,100,1,"10,000.00","719,277.11",51.19
bisection,100,1,"1,000,000.00","722,737.13",51.3
bisection,10,1,"1,000,000.00","736,027.21",46.81
bisection,100,1,"100,000,000.00","736,313.46",52.42
bisection,10,1,"10,000.00","737,769.29",40.86
steffenson,10.00,7,1.00,"753,468.38",160.68
steffenson,"10,000.00",3,1.00,"873,225.70",190.62
steffenson,10.00,3,1.00,"1,689,523.46",402.86
steffenson,10.00,3,"10,000.00","1,710,242.45",410.18
steffenson,10.00,5,1.00,"1,752,402.36",421.24
secant_method,10,5,"100,000,000.00","3,451,853.42",899.3
secant_method,10,7,"1,000,000.00","3,475,907.72",909.27
secant_method,10,7,"10,000.00","3,478,986.03",909.27
secant_method,10,5,"1,000,000.00","3,521,988.24",919.24
secant_method,10,9,1.00,"3,523,687.87",919.24
secant_method,10,3,1.00,"3,553,875.06",919.24
secant_method,10,1,"100,000,000.00","3,602,724.98",939.18
secant_method,10,3,"1,000,000.00","3,603,514.61",939.18
secant_method,10,5,1.00,"3,618,128.27",949.15
secant_method,10,7,1.00,"3,618,340.56",929.21
secant_method,10,9,"1,000,000.00","3,622,554.47",919.24
secant_method,10,1,100.00,"3,622,752.92",929.21
secant_method,10,3,"10,000.00","3,627,773.53",949.15
secant_method,10,3,"100,000,000.00","3,632,389.02",949.15
secant_method,10,9,"100,000,000.00","3,637,186.52",949.15
secant_method,10,5,100.00,"3,647,491.40",959.12
secant_method,10,1,"1,000,000.00","3,653,248.03",949.15
secant_method,10,9,"10,000.00","3,664,038.36",959.12
secant_method,10,1,"10,000.00","3,674,814.56",959.12
secant_method,100,5,1.00,"3,682,408.28",959.12
secant_method,10,5,"10,000.00","3,694,359.02",969.09
secant_method,10,7,"100,000,000.00","3,715,774.94",969.09
secant_method,10,9,100.00,"3,716,807.34",939.18
secant_method,10,7,100.00,"3,724,476.04",969.09
secant_method,10,1,1.00,"3,729,945.48",959.12
secant_method,10,3,100.00,"3,741,278.87",969.09
secant_method,100,1,"10,000.00","3,753,463.60",989.03
secant_method,100,7,"10,000.00","3,774,687.53",989.03
secant_method,100,1,1.00,"3,777,841.62",999
steffenson,100.00,3,1.00,"3,778,998.73",964
secant_method,100,5,100.00,"3,781,665.22",989.03
secant_method,1000,7,100.00,"3,788,453.48",999
secant_method,100,5,"10,000.00","3,788,575.85",989.03
secant_method,100,3,1.00,"3,789,211.70",999
secant_method,100,9,100.00,"3,791,062.44",989.03
secant_method,100000,9,"1,000,000.00","3,791,727.63",999
secant_method,100,1,"100,000,000.00","3,795,487.26",989.03
secant_method,100000,9,"10,000.00","3,796,614.48",999
secant_method,100,1,"1,000,000.00","3,799,953.25",999
secant_method,100,1,100.00,"3,806,468.68",999
secant_method,100000,5,"1,000,000.00","3,807,338.28",999
secant_method,100000,9,100.00,"3,807,417.56",999
secant_method,100,7,100.00,"3,815,514.13",999
secant_method,100000,7,"100,000,000.00","3,816,452.61",999
secant_method,100000,9,"100,000,000.00","3,818,606.62",999
secant_method,100,9,"100,000,000.00","3,824,758.69",979.06
secant_method,10000,1,100.00,"3,826,230.78",999
secant_method,100,9,1.00,"3,828,435.06",999
secant_method,1000,7,"1,000,000.00","3,830,807.69",999
secant_method,1000,7,1.00,"3,834,410.73",999
secant_method,100000,7,1.00,"3,836,569.27",999
secant_method,1000,9,100.00,"3,837,492.40",999
secant_method,1000,9,"10,000.00","3,838,095.42",999
secant_method,100,7,1.00,"3,840,106.88",999
secant_method,100000,3,"1,000,000.00","3,841,927.27",999
secant_method,10000,9,"10,000.00","3,843,009.78",999
secant_method,100000,5,"10,000.00","3,844,804.55",999
secant_method,100000,5,1.00,"3,845,423.81",999
secant_method,1000,9,"1,000,000.00","3,845,683.38",999
secant_method,1000,5,"1,000,000.00","3,846,164.82",999
secant_method,1000,9,1.00,"3,846,538.51",999
secant_method,1000,9,"100,000,000.00","3,847,327.65",999
secant_method,1000,5,"100,000,000.00","3,847,524.02",999
secant_method,100,5,"1,000,000.00","3,848,291.76",999
secant_method,1000,7,"100,000,000.00","3,849,231.56",999
secant_method,100000,7,"10,000.00","3,850,419.99",999
secant_method,10000,1,"100,000,000.00","3,851,338.09",999
secant_method,10000,9,"100,000,000.00","3,851,608.75",999
secant_method,100000,7,"1,000,000.00","3,851,684.07",999
secant_method,100,3,"100,000,000.00","3,856,564.00",999
secant_method,100000,5,100.00,"3,856,837.29",999
secant_method,100000,5,"100,000,000.00","3,857,822.69",999
secant_method,100000,3,1.00,"3,858,820.59",999
secant_method,100000,3,"10,000.00","3,859,351.37",999
secant_method,100000,7,100.00,"3,861,465.89",999
secant_method,10000,1,"10,000.00","3,861,829.34",999
secant_method,10000,1,1.00,"3,862,351.20",999
secant_method,100000,3,100.00,"3,866,409.98",999
secant_method,10000,5,"100,000,000.00","3,866,502.39",999
secant_method,100000,1,"100,000,000.00","3,867,784.68",999
secant_method,100000,1,"1,000,000.00","3,871,014.15",999
secant_method,100,9,"1,000,000.00","3,873,102.46",999
secant_method,1000,5,"10,000.00","3,873,345.53",999
secant_method,10000,7,1.00,"3,873,778.49",999
secant_method,1000,5,100.00,"3,873,981.88",999
secant_method,100,3,"10,000.00","3,878,473.92",999
secant_method,1000,1,"10,000.00","3,885,039.37",999
secant_method,100,7,"100,000,000.00","3,885,886.08",999
steffenson,"1,000.00",3,1.00,"3,887,694.38",986.35
secant_method,1000,3,"100,000,000.00","3,891,990.71",999
secant_method,1000,3,"1,000,000.00","3,892,838.77",999
secant_method,10000,7,"1,000,000.00","3,893,623.10",999
secant_method,10000,5,"10,000.00","3,894,940.08",999
secant_method,100,9,"10,000.00","3,895,181.44",999
secant_method,1000,5,1.00,"3,902,345.96",999
secant_method,100,3,"1,000,000.00","3,913,726.58",999
secant_method,10000,9,1.00,"3,915,945.49",999
secant_method,100,3,100.00,"3,918,199.42",999
secant_method,10000,3,1.00,"3,919,252.24",999
steffenson,100,3,100,"3,919,466.66",999
secant_method,100000,1,"10,000.00","3,921,412.93",999
secant_method,10000,3,"100,000,000.00","3,922,095.44",999
secant_method,100000,1,1.00,"3,923,085.55",999
secant_method,10000,5,"1,000,000.00","3,923,091.72",999
secant_method,10000,5,1.00,"3,924,534.58",999
secant_method,10000,7,"10,000.00","3,924,835.88",999
steffenson,1000,1,1,"3,927,401.16",999
secant_method,10000,9,100.00,"3,929,065.33",999
secant_method,100000,1,100.00,"3,935,372.39",999
secant_method,1000,1,100.00,"3,935,712.35",999
secant_method,100,5,"100,000,000.00","3,936,163.64",999
steffenson,100,1,1,"3,940,257.29",999
secant_method,10000,5,100.00,"3,945,267.78",999
steffenson,10000,1,1,"3,946,443.05",999
secant_method,10000,3,100.00,"3,948,431.14",999
secant_method,100000,9,1.00,"3,950,514.35",999
secant_method,10000,7,"100,000,000.00","3,954,469.60",999
secant_method,1000,7,"10,000.00","3,958,122.68",999
steffenson,100000,1,1,"3,964,419.40",999
secant_method,1000,1,"1,000,000.00","3,965,213.48",999
steffenson,10,3,100,"3,965,530.56",999
secant_method,1000,3,1.00,"3,970,349.80",999
secant_method,10000,3,"10,000.00","3,973,023.47",999
secant_method,100000,3,"100,000,000.00","3,975,229.37",999
secant_method,100,7,"1,000,000.00","3,976,956.24",999
secant_method,10000,7,100.00,"3,993,683.86",999
steffenson,10,1,1,"3,994,677.14",999
secant_method,10000,3,"1,000,000.00","3,997,370.00",999
secant_method,10000,1,"1,000,000.00","4,012,015.71",999
secant_method,1000,1,"100,000,000.00","4,023,024.47",999
secant_method,10000,9,"1,000,000.00","4,031,964.29",999
secant_method,1000,3,100.00,"4,085,055.77",999
secant_method,1000,1,1.00,"4,155,672.47",999
secant_method,1000,3,"10,000.00","4,156,973.04",999
regula_falsi,10,5,10000,"6,344,853.32",889.22
regula_falsi,10,3,100,"6,379,178.05",899.2
regula_falsi,10,7,100,"6,430,792.69",929.14
regula_falsi,10,3,100000000,"6,434,945.29",879.24
regula_falsi,10,9,1000000,"6,436,736.80",919.16
regula_falsi,10,5,1000000,"6,539,861.42",929.14
regula_falsi,10,9,100000000,"6,552,688.30",939.12
regula_falsi,10,9,10000,"6,601,526.56",929.14
regula_falsi,10,7,10000,"6,621,251.23",939.12
regula_falsi,10,5,100000000,"6,623,590.90",929.14
regula_falsi,10,5,1,"6,637,522.27",939.12
regula_falsi,10,7,1,"6,661,606.38",959.08
regula_falsi,10,7,1000000,"6,672,102.41",939.12
regula_falsi,10,3,1000000,"6,681,892.13",939.12
regula_falsi,10,3,1,"6,707,346.28",929.14
regula_falsi,10,7,100000000,"6,777,608.29",959.08
regula_falsi,10,9,100,"6,823,143.19",959.08
regula_falsi,10000,3,1000000,"6,828,507.44",989.02
regula_falsi,10000,3,10000,"6,883,756.29",999
regula_falsi,1000,9,100,"6,892,129.86",999
regula_falsi,1000,9,1000000,"6,913,613.38",999
regula_falsi,10000,3,100,"6,921,851.48",999
regula_falsi,1000,5,100000000,"6,929,269.47",999
regula_falsi,1000,7,100000000,"6,930,845.65",999
regula_falsi,10000,7,100000000,"6,931,943.51",999
regula_falsi,1000,9,1,"6,935,708.29",999
regula_falsi,100000,9,100,"6,935,857.27",999
regula_falsi,10000,9,1000000,"6,941,800.07",999
regula_falsi,100000,7,100,"6,944,943.81",999
regula_falsi,10,9,1,"6,953,509.64",979.04
regula_falsi,10000,7,1000000,"6,955,959.59",999
regula_falsi,10000,7,10000,"6,956,137.30",999
regula_falsi,10000,5,1,"6,959,254.02",999
regula_falsi,100000,9,1,"6,964,164.76",999
regula_falsi,10,3,10000,"6,979,685.76",979.04
regula_falsi,10000,5,100000000,"6,981,232.15",999
regula_falsi,10,5,100,"6,989,837.67",969.06
regula_falsi,10000,7,100,"6,991,471.41",999
regula_falsi,1000,9,100000000,"6,995,768.52",999
regula_falsi,10000,9,100000000,"6,997,510.57",999
regula_falsi,10000,5,10000,"6,999,609.34",999
regula_falsi,100000,9,1000000,"7,001,536.82",999
regula_falsi,100000,9,100000000,"7,002,224.43",999
regula_falsi,100,7,100,"7,002,516.97",989.02
regula_falsi,100000,3,10000,"7,003,798.74",999
regula_falsi,10000,3,100000000,"7,005,652.18",999
regula_falsi,1000,5,1,"7,009,903.69",999
regula_falsi,10000,5,1000000,"7,012,850.55",999
regula_falsi,100000,3,100000000,"7,014,480.21",999
regula_falsi,100000,3,100,"7,015,392.43",999
regula_falsi,100,3,1000000,"7,016,096.05",999
regula_falsi,100,3,100000000,"7,021,213.58",989.02
regula_falsi,1000,7,1000000,"7,023,145.15",999
regula_falsi,10000,7,1,"7,027,638.87",999
regula_falsi,10000,5,100,"7,032,730.74",999
regula_falsi,1000,7,10000,"7,033,239.26",999
regula_falsi,100000,5,100,"7,034,402.08",999
regula_falsi,100,9,1,"7,034,822.08",999
regula_falsi,1000,3,100,"7,039,497.68",999
regula_falsi,100000,7,1,"7,039,688.59",999
regula_falsi,100000,5,1,"7,043,435.55",999
regula_falsi,100000,9,10000,"7,044,292.50",999
regula_falsi,100,7,1,"7,045,727.92",989.02
regula_falsi,1000,9,10000,"7,046,223.17",999
regula_falsi,100000,5,10000,"7,048,254.09",999
regula_falsi,100000,5,1000000,"7,052,594.23",999
regula_falsi,1000,3,1000000,"7,054,410.82",999
regula_falsi,1000,7,1,"7,056,663.72",999
regula_falsi,1000,3,1,"7,058,635.56",999
regula_falsi,100,9,1000000,"7,062,707.15",999
regula_falsi,100,5,100000000,"7,063,207.00",989.02
regula_falsi,100,9,100000000,"7,076,916.80",999
regula_falsi,1000,5,1000000,"7,078,738.54",989.02
regula_falsi,10000,9,1,"7,081,919.07",999
regula_falsi,100,3,100,"7,083,349.10",999
regula_falsi,10000,9,100,"7,085,335.77",999
regula_falsi,100000,7,100000000,"7,087,013.66",999
regula_falsi,100,7,10000,"7,089,095.76",999
regula_falsi,100,9,100,"7,090,221.66",999
regula_falsi,100,5,1000000,"7,095,720.37",999
regula_falsi,1000,5,10000,"7,098,807.92",999
regula_falsi,1000,3,10000,"7,100,509.66",999
regula_falsi,10000,9,10000,"7,106,889.23",999
regula_falsi,100000,7,10000,"7,109,302.07",999
regula_falsi,1000,5,100,"7,111,387.58",999
regula_falsi,100,9,10000,"7,113,697.80",999
regula_falsi,100,5,100,"7,115,465.56",989.02
regula_falsi,100,7,100000000,"7,116,993.02",999
regula_falsi,100000,7,1000000,"7,125,053.83",999
regula_falsi,100000,5,100000000,"7,133,521.84",999
regula_falsi,100,7,1000000,"7,137,443.23",999
regula_falsi,10000,3,1,"7,140,232.28",999
regula_falsi,100000,3,1000000,"7,141,766.93",999
regula_falsi,100,3,1,"7,148,138.78",989.02
regula_falsi,1000,7,100,"7,150,198.87",999
regula_falsi,100000,3,1,"7,152,535.56",999
regula_falsi,100,3,10000,"7,153,252.79",999
regula_falsi,100,5,10000,"7,159,268.55",999
regula_falsi,1000,3,100000000,"7,160,393.68",999
regula_falsi,100,5,1,"7,198,997.57",999
